NC_045512	AA	Genome	Annotation	Impact	Reference	Variant
1	M	27894				no
2	K	27897				no
3	F	27900				no
4	L	27903				no
5	V	27906				no
6	F	27909				no
7	L	27912				no
8	G	27915				no
9	I	27918				no
10	I	27921				no
11	T	27924				no
12	T	27927				no
13	V	27930				no
14	A	27933				no
15	A	27936				no
16	F	27939				no
17	H	27942				no
18	Q	27945				no
19	E	27948				no
20	C	27951				no
21	S	27954				no
22	L	27957				no
23	Q	27960				no
24	S	27963				no
25	C	27966				no
26	T	27969				no
27	Q	27972				no
28	H	27975				no
29	Q	27978				no
30	P	27981				no
31	Y	27984				no
32	V	27987				no
33	V	27990				no
34	D	27993				no
35	D	27996				no
36	P	27999				no
37	C	28002				no
38	P	28005				no
39	I	28008				no
40	H	28011				no
41	F	28014				no
42	Y	28017				no
43	S	28020				no
44	K	28023				no
45	W	28026				no
46	Y	28029				no
47	I	28032				no
48	R	28035				no
49	V	28038				no
50	G	28041				no
51	A	28044				no
52	R	28047				no
53	K	28050				no
54	S	28053				no
55	A	28056				no
56	P	28059				no
57	L	28062				no
58	I	28065				no
59	E	28068				no
60	L	28071				no
61	C	28074				no
62	V	28077				no
63	D	28080				no
64	E	28083				no
65	A	28086				no
66	G	28089				no
67	S	28092				no
68	K	28095				no
69	S	28098				no
70	P	28101				no
71	I	28104				no
72	Q	28107				no
73	Y	28110				no
74	I	28113				no
75	D	28116				no
76	I	28119				no
77	G	28122				no
78	N	28125				no
79	Y	28128				no
80	T	28131				no
81	V	28134				no
82	S	28137				no
83	C	28140				no
84	L	28143				no
85	P	28146				no
86	F	28149				no
87	T	28152				no
88	I	28155				no
89	N	28158				no
90	C	28161				no
91	Q	28164				no
92	E	28167				no
93	P	28170				no
94	K	28173				no
95	L	28176				no
96	G	28179				no
97	S	28182				no
98	L	28185				no
99	V	28188				no
100	V	28191				no
101	R	28194				no
102	C	28197				no
103	S	28200				no
104	F	28203				no
105	Y	28206				no
106	E	28209				no
107	D	28212				no
108	F	28215				no
109	L	28218				no
110	E	28221				no
111	Y	28224				no
112	H	28227				no
113	D	28230				no
114	V	28233				no
115	R	28236				no
116	V	28239				no
117	V	28242				no
118	L	28245				no
119	D	28248				no
120	F	28251				no
121	I	28254				no
122	*	28257				no