NC_045512	AA	Genome	Annotation	Impact	Reference
1	M	27756			
2	I	27759			
3	E	27762			
4	L	27765			
5	S	27768			
6	L	27771			
7	I	27774			
8	D	27777			
9	F	27780			
10	Y	27783			
11	L	27786			
12	C	27789			
13	F	27792			
14	L	27795			
15	A	27798			
16	F	27801			
17	L	27804			
18	L	27807			
19	F	27810			
20	L	27813			
21	V	27816			
22	L	27819			
23	I	27822			
24	M	27825			
25	L	27828			
26	I	27831			
27	I	27834			
28	F	27837			
29	W	27840			
30	F	27843			
31	S	27846			
32	L	27849			
33	E	27852			
34	L	27855			
35	Q	27858			
36	D	27861			
37	H	27864			
38	N	27867			
39	E	27870			
40	T	27873			
41	C	27876			
42	H	27879			
43	A	27882			
44	*	27885			